dependent_variable,n,has_intercept,intercept_value,shapiro_w_stat,shapiro_w_p,normality_ok,levene_stat,levene_p,homogeneity_ok,durbin_watson,independence_ok,n_outliers_3sd,residual_mean,residual_std,residual_min,residual_max
HF Power FFT (ms2),1100,TRUE,681.4096055887087,0.6707906178150431,1.0178034541251173e-41,FALSE,0.8295984006774085,0.5888458886734513,TRUE,0.6906537200536759,FALSE,31,-2.5954087364125785e-14,1040.7026964062425,-957.9301002395832,6727.253852812502
RM SSD (ms),1100,TRUE,43.76861406451611,0.8781157097999519,1.7021968583738804e-28,FALSE,0.15967446652028192,0.9975630391611329,TRUE,0.48351410340557277,FALSE,20,-4.163831527045662e-15,21.993927942883914,-35.541076572580636,129.47096293548384
Mean RR,1100,TRUE,922.34947342742,0.9821799430587093,2.325338944341816e-10,FALSE,1.0717703143556712,0.38089412968241804,TRUE,0.2249418463116601,FALSE,5,4.097555628135296e-15,130.86697062875535,-316.4647442291668,466.6456202580646
Stress Index,1100,TRUE,12.975941612903213,0.9581221730575501,3.283330147108552e-17,FALSE,0.7627974850067468,0.6511107698880373,TRUE,0.8359311462599341,FALSE,12,-5.967448757360216e-18,4.130951145521421,-8.719162612903222,17.9204148548387
PNS Index,1100,TRUE,0.10938629032258064,0.9479336328145163,2.8964172604971185e-19,FALSE,0.6239467597480712,0.7773547072601937,TRUE,0.2828541160550818,FALSE,10,-1.424554918472154e-16,1.0952746101205713,-2.2351746875,5.717937250000001
SNS Index,1100,TRUE,0.5231743629032253,0.965007905903303,1.3077046735092817e-15,FALSE,0.5283937276295827,0.85467311967588,TRUE,0.3462261822434868,FALSE,16,7.441648307672143e-17,1.146081211348406,-2.8722071693548377,5.652311552083333
